id;first_name;last_name;email;telephone
1;CÃ©cile;Barre;Archibald.Michel@hotmail.fr;0787216642
2;Sylvestre;Bertrand;Esther31@gmail.com;+33 432680149
3;Thibault;Martinez;Victorien_Berger@yahoo.fr;0676085845
4;Camille;Nicolas;Galle_Roy79@gmail.com;+33 719174928
5;Urbain;Meyer;milie.Olivier30@gmail.com;0267005064
6;Innocent;Fabre;Hlne25@hotmail.fr;0585860772
7;Sylviane;Guerin;Japhet59@gmail.com;+33 317269772
8;Cyriaque;Berger;Quentine20@yahoo.fr;+33 717368690
9;Blanche;Philippe;Yvette_Vidal55@hotmail.fr;+33 441668301
10;Clotilde;Roussel;Guillaume.Lefebvre53@hotmail.fr;0354515182
